Address;Head;Content
user00010@gmail.com;Pliki;wazne pliki trzeba wysalac
user00020@gmail.com;Wartosc;To jest wazny mail i koniec
user00030@gmail.com;Wartosc;To jest wazny mail i koniec
user00040@gmail.com;Zloto;To jest wazny mail i koniec
user00050@gmail.com;Kapcie;To jest wazny mail i koniec
user00060@gmail.com;Prezenty;To jest wazny mail i koniec
user00070@gmail.com;Impreza;To jest wazny mail i koniec
user00080@gmail.com;Kluski;To jest wazny mail i koniec
user00090@gmail.com;Studia;To jest wazny mail i koniec
user00100@gmail.com;Pliki;wazne pliki trzeba wysalac
user00110@gmail.com;Wartosc;To jest wazny mail i koniec
user00120@gmail.com;Wartosc;To jest wazny mail i koniec
user00130@gmail.com;Zloto;To jest wazny mail i koniec
user00140@gmail.com;Kapcie;To jest wazny mail i koniec
user00150@gmail.com;Prezenty;To jest wazny mail i koniec
user00160@gmail.com;Impreza;To jest wazny mail i koniec
user00170@gmail.com;Kluski;To jest wazny mail i koniec
user00180@gmail.com;Studia;To jest wazny mail i koniec
user00190@gmail.com;Pliki;wazne pliki trzeba wysalac
user00200@gmail.com;Wartosc;To jest wazny mail i koniec
user00210@gmail.com;Wartosc;To jest wazny mail i koniec
user00220@gmail.com;Zloto;To jest wazny mail i koniec
user00230@gmail.com;Kapcie;To jest wazny mail i koniec
user00240@gmail.com;Prezenty;To jest wazny mail i koniec
user00250@gmail.com;Impreza;To jest wazny mail i koniec
user00260@gmail.com;Kluski;To jest wazny mail i koniec
user00270@gmail.com;Studia;To jest wazny mail i koniec
user00280@gmail.com;Pliki;wazne pliki trzeba wysalac
user00290@gmail.com;Wartosc;To jest wazny mail i koniec
user00300@gmail.com;Wartosc;To jest wazny mail i koniec
user00310@gmail.com;Zloto;To jest wazny mail i koniec
user00320@gmail.com;Kapcie;To jest wazny mail i koniec
user00330@gmail.com;Prezenty;To jest wazny mail i koniec
user00340@gmail.com;Impreza;To jest wazny mail i koniec
user00350@gmail.com;Kluski;To jest wazny mail i koniec
user00360@gmail.com;Studia;To jest wazny mail i koniec
user00370@gmail.com;Pliki;wazne pliki trzeba wysalac
user00380@gmail.com;Wartosc;To jest wazny mail i koniec
user00390@gmail.com;Wartosc;To jest wazny mail i koniec
user00400@gmail.com;Zloto;To jest wazny mail i koniec
user00410@gmail.com;Kapcie;To jest wazny mail i koniec
user00420@gmail.com;Prezenty;To jest wazny mail i koniec
user00430@gmail.com;Impreza;To jest wazny mail i koniec
user00440@gmail.com;Kluski;To jest wazny mail i koniec
user00450@gmail.com;Studia;To jest wazny mail i koniec
user00460@gmail.com;Pliki;wazne pliki trzeba wysalac
user00470@gmail.com;Wartosc;To jest wazny mail i koniec
user00480@gmail.com;Wartosc;To jest wazny mail i koniec
user00490@gmail.com;Zloto;To jest wazny mail i koniec
user00500@gmail.com;Kapcie;To jest wazny mail i koniec
user00510@gmail.com;Prezenty;To jest wazny mail i koniec
user00520@gmail.com;Impreza;To jest wazny mail i koniec
user00530@gmail.com;Kluski;To jest wazny mail i koniec
user00540@gmail.com;Studia;To jest wazny mail i koniec
user00550@gmail.com;Pliki;wazne pliki trzeba wysalac
user00560@gmail.com;Wartosc;To jest wazny mail i koniec
user00570@gmail.com;Wartosc;To jest wazny mail i koniec
user00580@gmail.com;Zloto;To jest wazny mail i koniec
user00590@gmail.com;Kapcie;To jest wazny mail i koniec
user00600@gmail.com;Prezenty;To jest wazny mail i koniec
user00610@gmail.com;Impreza;To jest wazny mail i koniec
user00620@gmail.com;Kluski;To jest wazny mail i koniec
user00630@gmail.com;Studia;To jest wazny mail i koniec
user00640@gmail.com;Pliki;wazne pliki trzeba wysalac
user00650@gmail.com;Wartosc;To jest wazny mail i koniec
user00660@gmail.com;Wartosc;To jest wazny mail i koniec
user00670@gmail.com;Zloto;To jest wazny mail i koniec
user00680@gmail.com;Kapcie;To jest wazny mail i koniec
user00690@gmail.com;Prezenty;To jest wazny mail i koniec
user00700@gmail.com;Impreza;To jest wazny mail i koniec
user00710@gmail.com;Kluski;To jest wazny mail i koniec
user00720@gmail.com;Studia;To jest wazny mail i koniec
user00730@gmail.com;Pliki;wazne pliki trzeba wysalac
user00740@gmail.com;Wartosc;To jest wazny mail i koniec
user00750@gmail.com;Wartosc;To jest wazny mail i koniec
user00760@gmail.com;Zloto;To jest wazny mail i koniec
user00770@gmail.com;Kapcie;To jest wazny mail i koniec
user00780@gmail.com;Prezenty;To jest wazny mail i koniec
user00790@gmail.com;Impreza;To jest wazny mail i koniec
user00800@gmail.com;Kluski;To jest wazny mail i koniec
user00810@gmail.com;Studia;To jest wazny mail i koniec
user00820@gmail.com;Pliki;wazne pliki trzeba wysalac
user00830@gmail.com;Wartosc;To jest wazny mail i koniec
user00840@gmail.com;Wartosc;To jest wazny mail i koniec
user00850@gmail.com;Zloto;To jest wazny mail i koniec
user00860@gmail.com;Kapcie;To jest wazny mail i koniec
user00870@gmail.com;Prezenty;To jest wazny mail i koniec
user00880@gmail.com;Impreza;To jest wazny mail i koniec
user00890@gmail.com;Kluski;To jest wazny mail i koniec
user00900@gmail.com;Studia;To jest wazny mail i koniec
user00910@gmail.com;Pliki;wazne pliki trzeba wysalac
user00920@gmail.com;Wartosc;To jest wazny mail i koniec
user00930@gmail.com;Wartosc;To jest wazny mail i koniec
user00940@gmail.com;Zloto;To jest wazny mail i koniec
user00950@gmail.com;Kapcie;To jest wazny mail i koniec
user00960@gmail.com;Prezenty;To jest wazny mail i koniec
user00970@gmail.com;Impreza;To jest wazny mail i koniec
user00980@gmail.com;Kluski;To jest wazny mail i koniec
user00990@gmail.com;Studia;To jest wazny mail i koniec
user01000@gmail.com;Pliki;wazne pliki trzeba wysalac
user01010@gmail.com;Wartosc;To jest wazny mail i koniec
user01020@gmail.com;Wartosc;To jest wazny mail i koniec
user01030@gmail.com;Zloto;To jest wazny mail i koniec
user01040@gmail.com;Kapcie;To jest wazny mail i koniec
user01050@gmail.com;Prezenty;To jest wazny mail i koniec
user01060@gmail.com;Impreza;To jest wazny mail i koniec
user01070@gmail.com;Kluski;To jest wazny mail i koniec
user01080@gmail.com;Studia;To jest wazny mail i koniec
user01090@gmail.com;Pliki;wazne pliki trzeba wysalac
user01100@gmail.com;Wartosc;To jest wazny mail i koniec
user01110@gmail.com;Wartosc;To jest wazny mail i koniec
user01120@gmail.com;Zloto;To jest wazny mail i koniec
user01130@gmail.com;Kapcie;To jest wazny mail i koniec
user01140@gmail.com;Prezenty;To jest wazny mail i koniec
user01150@gmail.com;Impreza;To jest wazny mail i koniec
user01160@gmail.com;Kluski;To jest wazny mail i koniec
user01170@gmail.com;Studia;To jest wazny mail i koniec
user01180@gmail.com;Pliki;wazne pliki trzeba wysalac
user01190@gmail.com;Wartosc;To jest wazny mail i koniec
user01200@gmail.com;Wartosc;To jest wazny mail i koniec
user01210@gmail.com;Zloto;To jest wazny mail i koniec
user01220@gmail.com;Kapcie;To jest wazny mail i koniec
user01230@gmail.com;Prezenty;To jest wazny mail i koniec
user01240@gmail.com;Impreza;To jest wazny mail i koniec
user01250@gmail.com;Kluski;To jest wazny mail i koniec
user01260@gmail.com;Studia;To jest wazny mail i koniec
user01270@gmail.com;Pliki;wazne pliki trzeba wysalac
user01280@gmail.com;Wartosc;To jest wazny mail i koniec
user01290@gmail.com;Wartosc;To jest wazny mail i koniec
user01300@gmail.com;Zloto;To jest wazny mail i koniec
user01310@gmail.com;Kapcie;To jest wazny mail i koniec
user01320@gmail.com;Prezenty;To jest wazny mail i koniec
user01330@gmail.com;Impreza;To jest wazny mail i koniec
user01340@gmail.com;Kluski;To jest wazny mail i koniec
user01350@gmail.com;Studia;To jest wazny mail i koniec
user01360@gmail.com;Pliki;wazne pliki trzeba wysalac
user01370@gmail.com;Wartosc;To jest wazny mail i koniec
user01380@gmail.com;Wartosc;To jest wazny mail i koniec
user01390@gmail.com;Zloto;To jest wazny mail i koniec
user01400@gmail.com;Kapcie;To jest wazny mail i koniec
user01410@gmail.com;Prezenty;To jest wazny mail i koniec
user01420@gmail.com;Impreza;To jest wazny mail i koniec
user01430@gmail.com;Kluski;To jest wazny mail i koniec
user01440@gmail.com;Studia;To jest wazny mail i koniec
user01450@gmail.com;Pliki;wazne pliki trzeba wysalac
user01460@gmail.com;Wartosc;To jest wazny mail i koniec
user01470@gmail.com;Wartosc;To jest wazny mail i koniec
user01480@gmail.com;Zloto;To jest wazny mail i koniec
user01490@gmail.com;Kapcie;To jest wazny mail i koniec
user01500@gmail.com;Prezenty;To jest wazny mail i koniec
user01510@gmail.com;Impreza;To jest wazny mail i koniec
user01520@gmail.com;Kluski;To jest wazny mail i koniec
user01530@gmail.com;Studia;To jest wazny mail i koniec
user01540@gmail.com;Pliki;wazne pliki trzeba wysalac
user01550@gmail.com;Wartosc;To jest wazny mail i koniec
user01560@gmail.com;Wartosc;To jest wazny mail i koniec
user01570@gmail.com;Zloto;To jest wazny mail i koniec
user01580@gmail.com;Kapcie;To jest wazny mail i koniec
user01590@gmail.com;Prezenty;To jest wazny mail i koniec
user01600@gmail.com;Impreza;To jest wazny mail i koniec
user01610@gmail.com;Kluski;To jest wazny mail i koniec
user01620@gmail.com;Studia;To jest wazny mail i koniec
user01630@gmail.com;Pliki;wazne pliki trzeba wysalac
user01640@gmail.com;Wartosc;To jest wazny mail i koniec
user01650@gmail.com;Wartosc;To jest wazny mail i koniec
user01660@gmail.com;Zloto;To jest wazny mail i koniec
user01670@gmail.com;Kapcie;To jest wazny mail i koniec
user01680@gmail.com;Prezenty;To jest wazny mail i koniec
user01690@gmail.com;Impreza;To jest wazny mail i koniec
user01700@gmail.com;Kluski;To jest wazny mail i koniec
user01710@gmail.com;Studia;To jest wazny mail i koniec
user01720@gmail.com;Pliki;wazne pliki trzeba wysalac
user01730@gmail.com;Wartosc;To jest wazny mail i koniec
user01740@gmail.com;Wartosc;To jest wazny mail i koniec
user01750@gmail.com;Zloto;To jest wazny mail i koniec
user01760@gmail.com;Kapcie;To jest wazny mail i koniec
user01770@gmail.com;Prezenty;To jest wazny mail i koniec
user01780@gmail.com;Impreza;To jest wazny mail i koniec
user01790@gmail.com;Kluski;To jest wazny mail i koniec
user01800@gmail.com;Studia;To jest wazny mail i koniec
user01810@gmail.com;Pliki;wazne pliki trzeba wysalac
user01820@gmail.com;Wartosc;To jest wazny mail i koniec
user01830@gmail.com;Wartosc;To jest wazny mail i koniec
user01840@gmail.com;Zloto;To jest wazny mail i koniec
user01850@gmail.com;Kapcie;To jest wazny mail i koniec
user01860@gmail.com;Prezenty;To jest wazny mail i koniec
user01870@gmail.com;Impreza;To jest wazny mail i koniec
user01880@gmail.com;Kluski;To jest wazny mail i koniec
user01890@gmail.com;Studia;To jest wazny mail i koniec
user01900@gmail.com;Pliki;wazne pliki trzeba wysalac
user01910@gmail.com;Wartosc;To jest wazny mail i koniec
user01920@gmail.com;Wartosc;To jest wazny mail i koniec
user01930@gmail.com;Zloto;To jest wazny mail i koniec
user01940@gmail.com;Kapcie;To jest wazny mail i koniec
user01950@gmail.com;Prezenty;To jest wazny mail i koniec
user01960@gmail.com;Impreza;To jest wazny mail i koniec
user01970@gmail.com;Kluski;To jest wazny mail i koniec
user01980@gmail.com;Studia;To jest wazny mail i koniec
user01990@gmail.com;Pliki;wazne pliki trzeba wysalac
user02000@gmail.com;Wartosc;To jest wazny mail i koniec
user02010@gmail.com;Wartosc;To jest wazny mail i koniec
user02020@gmail.com;Zloto;To jest wazny mail i koniec
user02030@gmail.com;Kapcie;To jest wazny mail i koniec
user02040@gmail.com;Prezenty;To jest wazny mail i koniec
user02050@gmail.com;Impreza;To jest wazny mail i koniec
user02060@gmail.com;Kluski;To jest wazny mail i koniec
user02070@gmail.com;Studia;To jest wazny mail i koniec
user02080@gmail.com;Pliki;wazne pliki trzeba wysalac
user02090@gmail.com;Wartosc;To jest wazny mail i koniec
user02100@gmail.com;Wartosc;To jest wazny mail i koniec
user02110@gmail.com;Zloto;To jest wazny mail i koniec
user02120@gmail.com;Kapcie;To jest wazny mail i koniec
user02130@gmail.com;Prezenty;To jest wazny mail i koniec
user02140@gmail.com;Impreza;To jest wazny mail i koniec
user02150@gmail.com;Kluski;To jest wazny mail i koniec
user02160@gmail.com;Studia;To jest wazny mail i koniec
user02170@gmail.com;Pliki;wazne pliki trzeba wysalac
user02180@gmail.com;Wartosc;To jest wazny mail i koniec
user02190@gmail.com;Wartosc;To jest wazny mail i koniec
user02200@gmail.com;Zloto;To jest wazny mail i koniec
user02210@gmail.com;Kapcie;To jest wazny mail i koniec
user02220@gmail.com;Prezenty;To jest wazny mail i koniec
user02230@gmail.com;Impreza;To jest wazny mail i koniec
user02240@gmail.com;Kluski;To jest wazny mail i koniec
user02250@gmail.com;Studia;To jest wazny mail i koniec
user02260@gmail.com;Pliki;wazne pliki trzeba wysalac
user02270@gmail.com;Wartosc;To jest wazny mail i koniec
user02280@gmail.com;Wartosc;To jest wazny mail i koniec
user02290@gmail.com;Zloto;To jest wazny mail i koniec
user02300@gmail.com;Kapcie;To jest wazny mail i koniec
user02310@gmail.com;Prezenty;To jest wazny mail i koniec
user02320@gmail.com;Impreza;To jest wazny mail i koniec
user02330@gmail.com;Kluski;To jest wazny mail i koniec
user02340@gmail.com;Studia;To jest wazny mail i koniec
user02350@gmail.com;Pliki;wazne pliki trzeba wysalac
user02360@gmail.com;Wartosc;To jest wazny mail i koniec
user02370@gmail.com;Wartosc;To jest wazny mail i koniec
user02380@gmail.com;Zloto;To jest wazny mail i koniec
user02390@gmail.com;Kapcie;To jest wazny mail i koniec
user02400@gmail.com;Prezenty;To jest wazny mail i koniec
user02410@gmail.com;Impreza;To jest wazny mail i koniec
user02420@gmail.com;Kluski;To jest wazny mail i koniec
user02430@gmail.com;Studia;To jest wazny mail i koniec
user02440@gmail.com;Pliki;wazne pliki trzeba wysalac
user02450@gmail.com;Wartosc;To jest wazny mail i koniec
user02460@gmail.com;Wartosc;To jest wazny mail i koniec
user02470@gmail.com;Zloto;To jest wazny mail i koniec
user02480@gmail.com;Kapcie;To jest wazny mail i koniec
user02490@gmail.com;Prezenty;To jest wazny mail i koniec
user02500@gmail.com;Impreza;To jest wazny mail i koniec
user02510@gmail.com;Kluski;To jest wazny mail i koniec
user02520@gmail.com;Studia;To jest wazny mail i koniec
user02530@gmail.com;Pliki;wazne pliki trzeba wysalac
user02540@gmail.com;Wartosc;To jest wazny mail i koniec
user02550@gmail.com;Wartosc;To jest wazny mail i koniec
user02560@gmail.com;Zloto;To jest wazny mail i koniec
user02570@gmail.com;Kapcie;To jest wazny mail i koniec
user02580@gmail.com;Prezenty;To jest wazny mail i koniec
user02590@gmail.com;Impreza;To jest wazny mail i koniec
user02600@gmail.com;Kluski;To jest wazny mail i koniec
user02610@gmail.com;Studia;To jest wazny mail i koniec
user02620@gmail.com;Pliki;wazne pliki trzeba wysalac
user02630@gmail.com;Wartosc;To jest wazny mail i koniec
user02640@gmail.com;Wartosc;To jest wazny mail i koniec
user02650@gmail.com;Zloto;To jest wazny mail i koniec
user02660@gmail.com;Kapcie;To jest wazny mail i koniec
user02670@gmail.com;Prezenty;To jest wazny mail i koniec
user02680@gmail.com;Impreza;To jest wazny mail i koniec
user02690@gmail.com;Kluski;To jest wazny mail i koniec
user02700@gmail.com;Studia;To jest wazny mail i koniec
user02710@gmail.com;Pliki;wazne pliki trzeba wysalac
user02720@gmail.com;Wartosc;To jest wazny mail i koniec
user02730@gmail.com;Wartosc;To jest wazny mail i koniec
user02740@gmail.com;Zloto;To jest wazny mail i koniec
user02750@gmail.com;Kapcie;To jest wazny mail i koniec
user02760@gmail.com;Prezenty;To jest wazny mail i koniec
user02770@gmail.com;Impreza;To jest wazny mail i koniec
user02780@gmail.com;Kluski;To jest wazny mail i koniec
user02790@gmail.com;Studia;To jest wazny mail i koniec
user02800@gmail.com;Pliki;wazne pliki trzeba wysalac
user02810@gmail.com;Wartosc;To jest wazny mail i koniec
user02820@gmail.com;Wartosc;To jest wazny mail i koniec
user02830@gmail.com;Zloto;To jest wazny mail i koniec
user02840@gmail.com;Kapcie;To jest wazny mail i koniec
user02850@gmail.com;Prezenty;To jest wazny mail i koniec
user02860@gmail.com;Impreza;To jest wazny mail i koniec
user02870@gmail.com;Kluski;To jest wazny mail i koniec
user02880@gmail.com;Studia;To jest wazny mail i koniec
user02890@gmail.com;Pliki;wazne pliki trzeba wysalac
user02900@gmail.com;Wartosc;To jest wazny mail i koniec
user02910@gmail.com;Wartosc;To jest wazny mail i koniec
user02920@gmail.com;Zloto;To jest wazny mail i koniec
user02930@gmail.com;Kapcie;To jest wazny mail i koniec
user02940@gmail.com;Prezenty;To jest wazny mail i koniec
user02950@gmail.com;Impreza;To jest wazny mail i koniec
user02960@gmail.com;Kluski;To jest wazny mail i koniec
user02970@gmail.com;Studia;To jest wazny mail i koniec
user02980@gmail.com;Pliki;wazne pliki trzeba wysalac
user02990@gmail.com;Wartosc;To jest wazny mail i koniec
user03000@gmail.com;Wartosc;To jest wazny mail i koniec
user03010@gmail.com;Zloto;To jest wazny mail i koniec
user03020@gmail.com;Kapcie;To jest wazny mail i koniec
user03030@gmail.com;Prezenty;To jest wazny mail i koniec
user03040@gmail.com;Impreza;To jest wazny mail i koniec
user03050@gmail.com;Kluski;To jest wazny mail i koniec
user03060@gmail.com;Studia;To jest wazny mail i koniec
user03070@gmail.com;Pliki;wazne pliki trzeba wysalac
user03080@gmail.com;Wartosc;To jest wazny mail i koniec
user03090@gmail.com;Wartosc;To jest wazny mail i koniec
user03100@gmail.com;Zloto;To jest wazny mail i koniec
user03110@gmail.com;Kapcie;To jest wazny mail i koniec
user03120@gmail.com;Prezenty;To jest wazny mail i koniec
user03130@gmail.com;Impreza;To jest wazny mail i koniec
user03140@gmail.com;Kluski;To jest wazny mail i koniec
user03150@gmail.com;Studia;To jest wazny mail i koniec
user03160@gmail.com;Pliki;wazne pliki trzeba wysalac
user03170@gmail.com;Wartosc;To jest wazny mail i koniec
user03180@gmail.com;Wartosc;To jest wazny mail i koniec
user03190@gmail.com;Zloto;To jest wazny mail i koniec
user03200@gmail.com;Kapcie;To jest wazny mail i koniec
user03210@gmail.com;Prezenty;To jest wazny mail i koniec
user03220@gmail.com;Impreza;To jest wazny mail i koniec
user03230@gmail.com;Kluski;To jest wazny mail i koniec
user03240@gmail.com;Studia;To jest wazny mail i koniec
user03250@gmail.com;Pliki;wazne pliki trzeba wysalac
user03260@gmail.com;Wartosc;To jest wazny mail i koniec
user03270@gmail.com;Wartosc;To jest wazny mail i koniec
user03280@gmail.com;Zloto;To jest wazny mail i koniec
user03290@gmail.com;Kapcie;To jest wazny mail i koniec
user03300@gmail.com;Prezenty;To jest wazny mail i koniec
user03310@gmail.com;Impreza;To jest wazny mail i koniec
user03320@gmail.com;Kluski;To jest wazny mail i koniec
user03330@gmail.com;Studia;To jest wazny mail i koniec
user03340@gmail.com;Pliki;wazne pliki trzeba wysalac
user03350@gmail.com;Wartosc;To jest wazny mail i koniec
user03360@gmail.com;Wartosc;To jest wazny mail i koniec
user03370@gmail.com;Zloto;To jest wazny mail i koniec
user03380@gmail.com;Kapcie;To jest wazny mail i koniec
user03390@gmail.com;Prezenty;To jest wazny mail i koniec
user03400@gmail.com;Impreza;To jest wazny mail i koniec
user03410@gmail.com;Kluski;To jest wazny mail i koniec
user03420@gmail.com;Studia;To jest wazny mail i koniec
user03430@gmail.com;Pliki;wazne pliki trzeba wysalac
user03440@gmail.com;Wartosc;To jest wazny mail i koniec
user03450@gmail.com;Wartosc;To jest wazny mail i koniec
user03460@gmail.com;Zloto;To jest wazny mail i koniec
user03470@gmail.com;Kapcie;To jest wazny mail i koniec
user03480@gmail.com;Prezenty;To jest wazny mail i koniec
user03490@gmail.com;Impreza;To jest wazny mail i koniec
user03500@gmail.com;Kluski;To jest wazny mail i koniec
user03510@gmail.com;Studia;To jest wazny mail i koniec
user03520@gmail.com;Pliki;wazne pliki trzeba wysalac
user03530@gmail.com;Wartosc;To jest wazny mail i koniec
user03540@gmail.com;Wartosc;To jest wazny mail i koniec
user03550@gmail.com;Zloto;To jest wazny mail i koniec
user03560@gmail.com;Kapcie;To jest wazny mail i koniec
user03570@gmail.com;Prezenty;To jest wazny mail i koniec
user03580@gmail.com;Impreza;To jest wazny mail i koniec
user03590@gmail.com;Kluski;To jest wazny mail i koniec
user03600@gmail.com;Studia;To jest wazny mail i koniec
user03610@gmail.com;Pliki;wazne pliki trzeba wysalac
user03620@gmail.com;Wartosc;To jest wazny mail i koniec
user03630@gmail.com;Wartosc;To jest wazny mail i koniec
user03640@gmail.com;Zloto;To jest wazny mail i koniec
user03650@gmail.com;Kapcie;To jest wazny mail i koniec
user03660@gmail.com;Prezenty;To jest wazny mail i koniec
user03670@gmail.com;Impreza;To jest wazny mail i koniec
user03680@gmail.com;Kluski;To jest wazny mail i koniec
user03690@gmail.com;Studia;To jest wazny mail i koniec
user03700@gmail.com;Pliki;wazne pliki trzeba wysalac
user03710@gmail.com;Wartosc;To jest wazny mail i koniec
user03720@gmail.com;Wartosc;To jest wazny mail i koniec
user03730@gmail.com;Zloto;To jest wazny mail i koniec
user03740@gmail.com;Kapcie;To jest wazny mail i koniec
user03750@gmail.com;Prezenty;To jest wazny mail i koniec
user03760@gmail.com;Impreza;To jest wazny mail i koniec
user03770@gmail.com;Kluski;To jest wazny mail i koniec
user03780@gmail.com;Studia;To jest wazny mail i koniec
user03790@gmail.com;Pliki;wazne pliki trzeba wysalac
user03800@gmail.com;Wartosc;To jest wazny mail i koniec
user03810@gmail.com;Wartosc;To jest wazny mail i koniec
user03820@gmail.com;Zloto;To jest wazny mail i koniec
user03830@gmail.com;Kapcie;To jest wazny mail i koniec
user03840@gmail.com;Prezenty;To jest wazny mail i koniec
user03850@gmail.com;Impreza;To jest wazny mail i koniec
user03860@gmail.com;Kluski;To jest wazny mail i koniec
user03870@gmail.com;Studia;To jest wazny mail i koniec
user03880@gmail.com;Pliki;wazne pliki trzeba wysalac
user03890@gmail.com;Wartosc;To jest wazny mail i koniec
user03900@gmail.com;Wartosc;To jest wazny mail i koniec
user03910@gmail.com;Zloto;To jest wazny mail i koniec
user03920@gmail.com;Kapcie;To jest wazny mail i koniec
user03930@gmail.com;Prezenty;To jest wazny mail i koniec
user03940@gmail.com;Impreza;To jest wazny mail i koniec
user03950@gmail.com;Kluski;To jest wazny mail i koniec
user03960@gmail.com;Studia;To jest wazny mail i koniec
user03970@gmail.com;Pliki;wazne pliki trzeba wysalac
user03980@gmail.com;Wartosc;To jest wazny mail i koniec
user03990@gmail.com;Wartosc;To jest wazny mail i koniec
user04000@gmail.com;Zloto;To jest wazny mail i koniec
user04010@gmail.com;Kapcie;To jest wazny mail i koniec
user04020@gmail.com;Prezenty;To jest wazny mail i koniec
user04030@gmail.com;Impreza;To jest wazny mail i koniec
user04040@gmail.com;Kluski;To jest wazny mail i koniec
user04050@gmail.com;Studia;To jest wazny mail i koniec
user04060@gmail.com;Pliki;wazne pliki trzeba wysalac
user04070@gmail.com;Wartosc;To jest wazny mail i koniec
user04080@gmail.com;Wartosc;To jest wazny mail i koniec
user04090@gmail.com;Zloto;To jest wazny mail i koniec
user04100@gmail.com;Kapcie;To jest wazny mail i koniec
user04110@gmail.com;Prezenty;To jest wazny mail i koniec
user04120@gmail.com;Impreza;To jest wazny mail i koniec
user04130@gmail.com;Kluski;To jest wazny mail i koniec
user04140@gmail.com;Studia;To jest wazny mail i koniec
user04150@gmail.com;Pliki;wazne pliki trzeba wysalac
user04160@gmail.com;Wartosc;To jest wazny mail i koniec
user04170@gmail.com;Wartosc;To jest wazny mail i koniec
user04180@gmail.com;Zloto;To jest wazny mail i koniec
user04190@gmail.com;Kapcie;To jest wazny mail i koniec
user04200@gmail.com;Prezenty;To jest wazny mail i koniec
user04210@gmail.com;Impreza;To jest wazny mail i koniec
user04220@gmail.com;Kluski;To jest wazny mail i koniec
user04230@gmail.com;Studia;To jest wazny mail i koniec
user04240@gmail.com;Pliki;wazne pliki trzeba wysalac
user04250@gmail.com;Wartosc;To jest wazny mail i koniec
user04260@gmail.com;Wartosc;To jest wazny mail i koniec
user04270@gmail.com;Zloto;To jest wazny mail i koniec
user04280@gmail.com;Kapcie;To jest wazny mail i koniec
user04290@gmail.com;Prezenty;To jest wazny mail i koniec
user04300@gmail.com;Impreza;To jest wazny mail i koniec
user04310@gmail.com;Kluski;To jest wazny mail i koniec
user04320@gmail.com;Studia;To jest wazny mail i koniec
user04330@gmail.com;Pliki;wazne pliki trzeba wysalac
user04340@gmail.com;Wartosc;To jest wazny mail i koniec
user04350@gmail.com;Wartosc;To jest wazny mail i koniec
user04360@gmail.com;Zloto;To jest wazny mail i koniec
user04370@gmail.com;Kapcie;To jest wazny mail i koniec
user04380@gmail.com;Prezenty;To jest wazny mail i koniec
user04390@gmail.com;Impreza;To jest wazny mail i koniec
user04400@gmail.com;Kluski;To jest wazny mail i koniec
user04410@gmail.com;Studia;To jest wazny mail i koniec
user04420@gmail.com;Pliki;wazne pliki trzeba wysalac
user04430@gmail.com;Wartosc;To jest wazny mail i koniec
user04440@gmail.com;Wartosc;To jest wazny mail i koniec
user04450@gmail.com;Zloto;To jest wazny mail i koniec
user04460@gmail.com;Kapcie;To jest wazny mail i koniec
user04470@gmail.com;Prezenty;To jest wazny mail i koniec
user04480@gmail.com;Impreza;To jest wazny mail i koniec
user04490@gmail.com;Kluski;To jest wazny mail i koniec
user04500@gmail.com;Studia;To jest wazny mail i koniec
user04510@gmail.com;Pliki;wazne pliki trzeba wysalac
user04520@gmail.com;Wartosc;To jest wazny mail i koniec
user04530@gmail.com;Wartosc;To jest wazny mail i koniec
user04540@gmail.com;Zloto;To jest wazny mail i koniec
user04550@gmail.com;Kapcie;To jest wazny mail i koniec
user04560@gmail.com;Prezenty;To jest wazny mail i koniec
user04570@gmail.com;Impreza;To jest wazny mail i koniec
user04580@gmail.com;Kluski;To jest wazny mail i koniec
user04590@gmail.com;Studia;To jest wazny mail i koniec
user04600@gmail.com;Pliki;wazne pliki trzeba wysalac
user04610@gmail.com;Wartosc;To jest wazny mail i koniec
user04620@gmail.com;Wartosc;To jest wazny mail i koniec
user04630@gmail.com;Zloto;To jest wazny mail i koniec
user04640@gmail.com;Kapcie;To jest wazny mail i koniec
user04650@gmail.com;Prezenty;To jest wazny mail i koniec
user04660@gmail.com;Impreza;To jest wazny mail i koniec
user04670@gmail.com;Kluski;To jest wazny mail i koniec
user04680@gmail.com;Studia;To jest wazny mail i koniec
user04690@gmail.com;Pliki;wazne pliki trzeba wysalac
user04700@gmail.com;Wartosc;To jest wazny mail i koniec
user04710@gmail.com;Wartosc;To jest wazny mail i koniec
user04720@gmail.com;Zloto;To jest wazny mail i koniec
user04730@gmail.com;Kapcie;To jest wazny mail i koniec
user04740@gmail.com;Prezenty;To jest wazny mail i koniec
user04750@gmail.com;Impreza;To jest wazny mail i koniec
user04760@gmail.com;Kluski;To jest wazny mail i koniec
user04770@gmail.com;Studia;To jest wazny mail i koniec
user04780@gmail.com;Pliki;wazne pliki trzeba wysalac
user04790@gmail.com;Wartosc;To jest wazny mail i koniec
user04800@gmail.com;Wartosc;To jest wazny mail i koniec
user04810@gmail.com;Zloto;To jest wazny mail i koniec
user04820@gmail.com;Kapcie;To jest wazny mail i koniec
user04830@gmail.com;Prezenty;To jest wazny mail i koniec
user04840@gmail.com;Impreza;To jest wazny mail i koniec
user04850@gmail.com;Kluski;To jest wazny mail i koniec
user04860@gmail.com;Studia;To jest wazny mail i koniec
user04870@gmail.com;Pliki;wazne pliki trzeba wysalac
user04880@gmail.com;Wartosc;To jest wazny mail i koniec
user04890@gmail.com;Wartosc;To jest wazny mail i koniec
user04900@gmail.com;Zloto;To jest wazny mail i koniec
user04910@gmail.com;Kapcie;To jest wazny mail i koniec
user04920@gmail.com;Prezenty;To jest wazny mail i koniec
user04930@gmail.com;Impreza;To jest wazny mail i koniec
user04940@gmail.com;Kluski;To jest wazny mail i koniec
user04950@gmail.com;Studia;To jest wazny mail i koniec
user04960@gmail.com;Pliki;wazne pliki trzeba wysalac
user04970@gmail.com;Wartosc;To jest wazny mail i koniec
user04980@gmail.com;Wartosc;To jest wazny mail i koniec
user04990@gmail.com;Zloto;To jest wazny mail i koniec
user05000@gmail.com;Kapcie;To jest wazny mail i koniec
user05010@gmail.com;Prezenty;To jest wazny mail i koniec
user05020@gmail.com;Impreza;To jest wazny mail i koniec
user05030@gmail.com;Kluski;To jest wazny mail i koniec
user05040@gmail.com;Studia;To jest wazny mail i koniec
user05050@gmail.com;Pliki;wazne pliki trzeba wysalac
user05060@gmail.com;Wartosc;To jest wazny mail i koniec
user05070@gmail.com;Wartosc;To jest wazny mail i koniec
user05080@gmail.com;Zloto;To jest wazny mail i koniec
user05090@gmail.com;Kapcie;To jest wazny mail i koniec
user05100@gmail.com;Prezenty;To jest wazny mail i koniec
user05110@gmail.com;Impreza;To jest wazny mail i koniec
user05120@gmail.com;Kluski;To jest wazny mail i koniec
user05130@gmail.com;Studia;To jest wazny mail i koniec
user05140@gmail.com;Pliki;wazne pliki trzeba wysalac
user05150@gmail.com;Wartosc;To jest wazny mail i koniec
user05160@gmail.com;Wartosc;To jest wazny mail i koniec
user05170@gmail.com;Zloto;To jest wazny mail i koniec
user05180@gmail.com;Kapcie;To jest wazny mail i koniec
user05190@gmail.com;Prezenty;To jest wazny mail i koniec
user05200@gmail.com;Impreza;To jest wazny mail i koniec
user05210@gmail.com;Kluski;To jest wazny mail i koniec
user05220@gmail.com;Studia;To jest wazny mail i koniec
user05230@gmail.com;Pliki;wazne pliki trzeba wysalac
user05240@gmail.com;Wartosc;To jest wazny mail i koniec
user05250@gmail.com;Wartosc;To jest wazny mail i koniec
user05260@gmail.com;Zloto;To jest wazny mail i koniec
user05270@gmail.com;Kapcie;To jest wazny mail i koniec
user05280@gmail.com;Prezenty;To jest wazny mail i koniec
user05290@gmail.com;Impreza;To jest wazny mail i koniec
user05300@gmail.com;Kluski;To jest wazny mail i koniec
user05310@gmail.com;Studia;To jest wazny mail i koniec
user05320@gmail.com;Pliki;wazne pliki trzeba wysalac
user05330@gmail.com;Wartosc;To jest wazny mail i koniec
user05340@gmail.com;Wartosc;To jest wazny mail i koniec
user05350@gmail.com;Zloto;To jest wazny mail i koniec
user05360@gmail.com;Kapcie;To jest wazny mail i koniec
user05370@gmail.com;Prezenty;To jest wazny mail i koniec
user05380@gmail.com;Impreza;To jest wazny mail i koniec
user05390@gmail.com;Kluski;To jest wazny mail i koniec
user05400@gmail.com;Studia;To jest wazny mail i koniec
user05410@gmail.com;Pliki;wazne pliki trzeba wysalac
user05420@gmail.com;Wartosc;To jest wazny mail i koniec
user05430@gmail.com;Wartosc;To jest wazny mail i koniec
user05440@gmail.com;Zloto;To jest wazny mail i koniec
user05450@gmail.com;Kapcie;To jest wazny mail i koniec
user05460@gmail.com;Prezenty;To jest wazny mail i koniec
user05470@gmail.com;Impreza;To jest wazny mail i koniec
user05480@gmail.com;Kluski;To jest wazny mail i koniec
user05490@gmail.com;Studia;To jest wazny mail i koniec
user05500@gmail.com;Pliki;wazne pliki trzeba wysalac
user05510@gmail.com;Wartosc;To jest wazny mail i koniec
user05520@gmail.com;Wartosc;To jest wazny mail i koniec
user05530@gmail.com;Zloto;To jest wazny mail i koniec
user05540@gmail.com;Kapcie;To jest wazny mail i koniec
user05550@gmail.com;Prezenty;To jest wazny mail i koniec
user05560@gmail.com;Impreza;To jest wazny mail i koniec
user05570@gmail.com;Kluski;To jest wazny mail i koniec
user05580@gmail.com;Studia;To jest wazny mail i koniec
user05590@gmail.com;Pliki;wazne pliki trzeba wysalac
user05600@gmail.com;Wartosc;To jest wazny mail i koniec
user05610@gmail.com;Wartosc;To jest wazny mail i koniec
user05620@gmail.com;Zloto;To jest wazny mail i koniec
user05630@gmail.com;Kapcie;To jest wazny mail i koniec
user05640@gmail.com;Prezenty;To jest wazny mail i koniec
user05650@gmail.com;Impreza;To jest wazny mail i koniec
user05660@gmail.com;Kluski;To jest wazny mail i koniec
user05670@gmail.com;Studia;To jest wazny mail i koniec
user05680@gmail.com;Pliki;wazne pliki trzeba wysalac
user05690@gmail.com;Wartosc;To jest wazny mail i koniec
user05700@gmail.com;Wartosc;To jest wazny mail i koniec
user05710@gmail.com;Zloto;To jest wazny mail i koniec
user05720@gmail.com;Kapcie;To jest wazny mail i koniec
user05730@gmail.com;Prezenty;To jest wazny mail i koniec
user05740@gmail.com;Impreza;To jest wazny mail i koniec
user05750@gmail.com;Kluski;To jest wazny mail i koniec
user05760@gmail.com;Studia;To jest wazny mail i koniec
user05770@gmail.com;Pliki;wazne pliki trzeba wysalac
user05780@gmail.com;Wartosc;To jest wazny mail i koniec
user05790@gmail.com;Wartosc;To jest wazny mail i koniec
user05800@gmail.com;Zloto;To jest wazny mail i koniec
user05810@gmail.com;Kapcie;To jest wazny mail i koniec
user05820@gmail.com;Prezenty;To jest wazny mail i koniec
user05830@gmail.com;Impreza;To jest wazny mail i koniec
user05840@gmail.com;Kluski;To jest wazny mail i koniec
user05850@gmail.com;Studia;To jest wazny mail i koniec
user05860@gmail.com;Pliki;wazne pliki trzeba wysalac
user05870@gmail.com;Wartosc;To jest wazny mail i koniec
user05880@gmail.com;Wartosc;To jest wazny mail i koniec
user05890@gmail.com;Zloto;To jest wazny mail i koniec
user05900@gmail.com;Kapcie;To jest wazny mail i koniec
user05910@gmail.com;Prezenty;To jest wazny mail i koniec
user05920@gmail.com;Impreza;To jest wazny mail i koniec
user05930@gmail.com;Kluski;To jest wazny mail i koniec
user05940@gmail.com;Studia;To jest wazny mail i koniec
user05950@gmail.com;Pliki;wazne pliki trzeba wysalac
user05960@gmail.com;Wartosc;To jest wazny mail i koniec
user05970@gmail.com;Wartosc;To jest wazny mail i koniec
user05980@gmail.com;Zloto;To jest wazny mail i koniec
user05990@gmail.com;Kapcie;To jest wazny mail i koniec
user06000@gmail.com;Prezenty;To jest wazny mail i koniec
user06010@gmail.com;Impreza;To jest wazny mail i koniec
user06020@gmail.com;Kluski;To jest wazny mail i koniec
user06030@gmail.com;Studia;To jest wazny mail i koniec
user06040@gmail.com;Pliki;wazne pliki trzeba wysalac
user06050@gmail.com;Wartosc;To jest wazny mail i koniec
user06060@gmail.com;Wartosc;To jest wazny mail i koniec
user06070@gmail.com;Zloto;To jest wazny mail i koniec
user06080@gmail.com;Kapcie;To jest wazny mail i koniec
user06090@gmail.com;Prezenty;To jest wazny mail i koniec
user06100@gmail.com;Impreza;To jest wazny mail i koniec
user06110@gmail.com;Kluski;To jest wazny mail i koniec
user06120@gmail.com;Studia;To jest wazny mail i koniec
user06130@gmail.com;Pliki;wazne pliki trzeba wysalac
user06140@gmail.com;Wartosc;To jest wazny mail i koniec
user06150@gmail.com;Wartosc;To jest wazny mail i koniec
user06160@gmail.com;Zloto;To jest wazny mail i koniec
user06170@gmail.com;Kapcie;To jest wazny mail i koniec
user06180@gmail.com;Prezenty;To jest wazny mail i koniec
user06190@gmail.com;Impreza;To jest wazny mail i koniec
user06200@gmail.com;Kluski;To jest wazny mail i koniec
user06210@gmail.com;Studia;To jest wazny mail i koniec
user06220@gmail.com;Pliki;wazne pliki trzeba wysalac
user06230@gmail.com;Wartosc;To jest wazny mail i koniec
user06240@gmail.com;Wartosc;To jest wazny mail i koniec
user06250@gmail.com;Zloto;To jest wazny mail i koniec
user06260@gmail.com;Kapcie;To jest wazny mail i koniec
user06270@gmail.com;Prezenty;To jest wazny mail i koniec
user06280@gmail.com;Impreza;To jest wazny mail i koniec
user06290@gmail.com;Kluski;To jest wazny mail i koniec
user06300@gmail.com;Studia;To jest wazny mail i koniec
user06310@gmail.com;Pliki;wazne pliki trzeba wysalac
user06320@gmail.com;Wartosc;To jest wazny mail i koniec
user06330@gmail.com;Wartosc;To jest wazny mail i koniec
user06340@gmail.com;Zloto;To jest wazny mail i koniec
user06350@gmail.com;Kapcie;To jest wazny mail i koniec
user06360@gmail.com;Prezenty;To jest wazny mail i koniec
user06370@gmail.com;Impreza;To jest wazny mail i koniec
user06380@gmail.com;Kluski;To jest wazny mail i koniec
user06390@gmail.com;Studia;To jest wazny mail i koniec
user06400@gmail.com;Pliki;wazne pliki trzeba wysalac
user06410@gmail.com;Wartosc;To jest wazny mail i koniec
user06420@gmail.com;Wartosc;To jest wazny mail i koniec
user06430@gmail.com;Zloto;To jest wazny mail i koniec
user06440@gmail.com;Kapcie;To jest wazny mail i koniec
user06450@gmail.com;Prezenty;To jest wazny mail i koniec
user06460@gmail.com;Impreza;To jest wazny mail i koniec
user06470@gmail.com;Kluski;To jest wazny mail i koniec
user06480@gmail.com;Studia;To jest wazny mail i koniec
user06490@gmail.com;Pliki;wazne pliki trzeba wysalac
user06500@gmail.com;Wartosc;To jest wazny mail i koniec
user06510@gmail.com;Wartosc;To jest wazny mail i koniec
user06520@gmail.com;Zloto;To jest wazny mail i koniec
user06530@gmail.com;Kapcie;To jest wazny mail i koniec
user06540@gmail.com;Prezenty;To jest wazny mail i koniec
user06550@gmail.com;Impreza;To jest wazny mail i koniec
user06560@gmail.com;Kluski;To jest wazny mail i koniec
user06570@gmail.com;Studia;To jest wazny mail i koniec
user06580@gmail.com;Pliki;wazne pliki trzeba wysalac
user06590@gmail.com;Wartosc;To jest wazny mail i koniec
user06600@gmail.com;Wartosc;To jest wazny mail i koniec
user06610@gmail.com;Zloto;To jest wazny mail i koniec
user06620@gmail.com;Kapcie;To jest wazny mail i koniec
user06630@gmail.com;Prezenty;To jest wazny mail i koniec
user06640@gmail.com;Impreza;To jest wazny mail i koniec
user06650@gmail.com;Kluski;To jest wazny mail i koniec
user06660@gmail.com;Studia;To jest wazny mail i koniec
user06670@gmail.com;Pliki;wazne pliki trzeba wysalac
user06680@gmail.com;Wartosc;To jest wazny mail i koniec
user06690@gmail.com;Wartosc;To jest wazny mail i koniec
user06700@gmail.com;Zloto;To jest wazny mail i koniec
user06710@gmail.com;Kapcie;To jest wazny mail i koniec
user06720@gmail.com;Prezenty;To jest wazny mail i koniec
user06730@gmail.com;Impreza;To jest wazny mail i koniec
user06740@gmail.com;Kluski;To jest wazny mail i koniec
user06750@gmail.com;Studia;To jest wazny mail i koniec
user06760@gmail.com;Pliki;wazne pliki trzeba wysalac
user06770@gmail.com;Wartosc;To jest wazny mail i koniec
user06780@gmail.com;Wartosc;To jest wazny mail i koniec
user06790@gmail.com;Zloto;To jest wazny mail i koniec
user06800@gmail.com;Kapcie;To jest wazny mail i koniec
user06810@gmail.com;Prezenty;To jest wazny mail i koniec
user06820@gmail.com;Impreza;To jest wazny mail i koniec
user06830@gmail.com;Kluski;To jest wazny mail i koniec
user06840@gmail.com;Studia;To jest wazny mail i koniec
user06850@gmail.com;Pliki;wazne pliki trzeba wysalac
user06860@gmail.com;Wartosc;To jest wazny mail i koniec
user06870@gmail.com;Wartosc;To jest wazny mail i koniec
user06880@gmail.com;Zloto;To jest wazny mail i koniec
user06890@gmail.com;Kapcie;To jest wazny mail i koniec
user06900@gmail.com;Prezenty;To jest wazny mail i koniec
user06910@gmail.com;Impreza;To jest wazny mail i koniec
user06920@gmail.com;Kluski;To jest wazny mail i koniec
user06930@gmail.com;Studia;To jest wazny mail i koniec
user06940@gmail.com;Pliki;wazne pliki trzeba wysalac
user06950@gmail.com;Wartosc;To jest wazny mail i koniec
user06960@gmail.com;Wartosc;To jest wazny mail i koniec
user06970@gmail.com;Zloto;To jest wazny mail i koniec
user06980@gmail.com;Kapcie;To jest wazny mail i koniec
user06990@gmail.com;Prezenty;To jest wazny mail i koniec
user07000@gmail.com;Impreza;To jest wazny mail i koniec
user07010@gmail.com;Kluski;To jest wazny mail i koniec
user07020@gmail.com;Studia;To jest wazny mail i koniec
user07030@gmail.com;Pliki;wazne pliki trzeba wysalac
user07040@gmail.com;Wartosc;To jest wazny mail i koniec
user07050@gmail.com;Wartosc;To jest wazny mail i koniec
user07060@gmail.com;Zloto;To jest wazny mail i koniec
user07070@gmail.com;Kapcie;To jest wazny mail i koniec
user07080@gmail.com;Prezenty;To jest wazny mail i koniec
user07090@gmail.com;Impreza;To jest wazny mail i koniec
user07100@gmail.com;Kluski;To jest wazny mail i koniec
user07110@gmail.com;Studia;To jest wazny mail i koniec
user07120@gmail.com;Pliki;wazne pliki trzeba wysalac
user07130@gmail.com;Wartosc;To jest wazny mail i koniec
user07140@gmail.com;Wartosc;To jest wazny mail i koniec
user07150@gmail.com;Zloto;To jest wazny mail i koniec
user07160@gmail.com;Kapcie;To jest wazny mail i koniec
user07170@gmail.com;Prezenty;To jest wazny mail i koniec
user07180@gmail.com;Impreza;To jest wazny mail i koniec
user07190@gmail.com;Kluski;To jest wazny mail i koniec
user07200@gmail.com;Studia;To jest wazny mail i koniec
user07210@gmail.com;Pliki;wazne pliki trzeba wysalac
user07220@gmail.com;Wartosc;To jest wazny mail i koniec
user07230@gmail.com;Wartosc;To jest wazny mail i koniec
user07240@gmail.com;Zloto;To jest wazny mail i koniec
user07250@gmail.com;Kapcie;To jest wazny mail i koniec
user07260@gmail.com;Prezenty;To jest wazny mail i koniec
user07270@gmail.com;Impreza;To jest wazny mail i koniec
user07280@gmail.com;Kluski;To jest wazny mail i koniec
user07290@gmail.com;Studia;To jest wazny mail i koniec
user07300@gmail.com;Pliki;wazne pliki trzeba wysalac
user07310@gmail.com;Wartosc;To jest wazny mail i koniec
user07320@gmail.com;Wartosc;To jest wazny mail i koniec
user07330@gmail.com;Zloto;To jest wazny mail i koniec
user07340@gmail.com;Kapcie;To jest wazny mail i koniec
user07350@gmail.com;Prezenty;To jest wazny mail i koniec
user07360@gmail.com;Impreza;To jest wazny mail i koniec
user07370@gmail.com;Kluski;To jest wazny mail i koniec
user07380@gmail.com;Studia;To jest wazny mail i koniec
user07390@gmail.com;Pliki;wazne pliki trzeba wysalac
user07400@gmail.com;Wartosc;To jest wazny mail i koniec
user07410@gmail.com;Wartosc;To jest wazny mail i koniec
user07420@gmail.com;Zloto;To jest wazny mail i koniec
user07430@gmail.com;Kapcie;To jest wazny mail i koniec
user07440@gmail.com;Prezenty;To jest wazny mail i koniec
user07450@gmail.com;Impreza;To jest wazny mail i koniec
user07460@gmail.com;Kluski;To jest wazny mail i koniec
user07470@gmail.com;Studia;To jest wazny mail i koniec
user07480@gmail.com;Pliki;wazne pliki trzeba wysalac
user07490@gmail.com;Wartosc;To jest wazny mail i koniec
user07500@gmail.com;Wartosc;To jest wazny mail i koniec
user07510@gmail.com;Zloto;To jest wazny mail i koniec
user07520@gmail.com;Kapcie;To jest wazny mail i koniec
user07530@gmail.com;Prezenty;To jest wazny mail i koniec
user07540@gmail.com;Impreza;To jest wazny mail i koniec
user07550@gmail.com;Kluski;To jest wazny mail i koniec
user07560@gmail.com;Studia;To jest wazny mail i koniec
user07570@gmail.com;Pliki;wazne pliki trzeba wysalac
user07580@gmail.com;Wartosc;To jest wazny mail i koniec
user07590@gmail.com;Wartosc;To jest wazny mail i koniec
user07600@gmail.com;Zloto;To jest wazny mail i koniec
user07610@gmail.com;Kapcie;To jest wazny mail i koniec
user07620@gmail.com;Prezenty;To jest wazny mail i koniec
user07630@gmail.com;Impreza;To jest wazny mail i koniec
user07640@gmail.com;Kluski;To jest wazny mail i koniec
user07650@gmail.com;Studia;To jest wazny mail i koniec
user07660@gmail.com;Pliki;wazne pliki trzeba wysalac
user07670@gmail.com;Wartosc;To jest wazny mail i koniec
user07680@gmail.com;Wartosc;To jest wazny mail i koniec
user07690@gmail.com;Zloto;To jest wazny mail i koniec
user07700@gmail.com;Kapcie;To jest wazny mail i koniec
user07710@gmail.com;Prezenty;To jest wazny mail i koniec
user07720@gmail.com;Impreza;To jest wazny mail i koniec
user07730@gmail.com;Kluski;To jest wazny mail i koniec
user07740@gmail.com;Studia;To jest wazny mail i koniec
user07750@gmail.com;Pliki;wazne pliki trzeba wysalac
user07760@gmail.com;Wartosc;To jest wazny mail i koniec
user07770@gmail.com;Wartosc;To jest wazny mail i koniec
user07780@gmail.com;Zloto;To jest wazny mail i koniec
user07790@gmail.com;Kapcie;To jest wazny mail i koniec
user07800@gmail.com;Prezenty;To jest wazny mail i koniec
user07810@gmail.com;Impreza;To jest wazny mail i koniec
user07820@gmail.com;Kluski;To jest wazny mail i koniec
user07830@gmail.com;Studia;To jest wazny mail i koniec
user07840@gmail.com;Pliki;wazne pliki trzeba wysalac
user07850@gmail.com;Wartosc;To jest wazny mail i koniec
user07860@gmail.com;Wartosc;To jest wazny mail i koniec
user07870@gmail.com;Zloto;To jest wazny mail i koniec
user07880@gmail.com;Kapcie;To jest wazny mail i koniec
user07890@gmail.com;Prezenty;To jest wazny mail i koniec
user07900@gmail.com;Impreza;To jest wazny mail i koniec
user07910@gmail.com;Kluski;To jest wazny mail i koniec
user07920@gmail.com;Studia;To jest wazny mail i koniec
user07930@gmail.com;Pliki;wazne pliki trzeba wysalac
user07940@gmail.com;Wartosc;To jest wazny mail i koniec
user07950@gmail.com;Wartosc;To jest wazny mail i koniec
user07960@gmail.com;Zloto;To jest wazny mail i koniec
user07970@gmail.com;Kapcie;To jest wazny mail i koniec
user07980@gmail.com;Prezenty;To jest wazny mail i koniec
user07990@gmail.com;Impreza;To jest wazny mail i koniec
user08000@gmail.com;Kluski;To jest wazny mail i koniec
user08010@gmail.com;Studia;To jest wazny mail i koniec
user08020@gmail.com;Pliki;wazne pliki trzeba wysalac
user08030@gmail.com;Wartosc;To jest wazny mail i koniec
user08040@gmail.com;Wartosc;To jest wazny mail i koniec
user08050@gmail.com;Zloto;To jest wazny mail i koniec
user08060@gmail.com;Kapcie;To jest wazny mail i koniec
user08070@gmail.com;Prezenty;To jest wazny mail i koniec
user08080@gmail.com;Impreza;To jest wazny mail i koniec
user08090@gmail.com;Kluski;To jest wazny mail i koniec
user08100@gmail.com;Studia;To jest wazny mail i koniec
user08110@gmail.com;Pliki;wazne pliki trzeba wysalac
user08120@gmail.com;Wartosc;To jest wazny mail i koniec
user08130@gmail.com;Wartosc;To jest wazny mail i koniec
user08140@gmail.com;Zloto;To jest wazny mail i koniec
user08150@gmail.com;Kapcie;To jest wazny mail i koniec
user08160@gmail.com;Prezenty;To jest wazny mail i koniec
user08170@gmail.com;Impreza;To jest wazny mail i koniec
user08180@gmail.com;Kluski;To jest wazny mail i koniec
user08190@gmail.com;Studia;To jest wazny mail i koniec
user08200@gmail.com;Pliki;wazne pliki trzeba wysalac
user08210@gmail.com;Wartosc;To jest wazny mail i koniec
user08220@gmail.com;Wartosc;To jest wazny mail i koniec
user08230@gmail.com;Zloto;To jest wazny mail i koniec
user08240@gmail.com;Kapcie;To jest wazny mail i koniec
user08250@gmail.com;Prezenty;To jest wazny mail i koniec
user08260@gmail.com;Impreza;To jest wazny mail i koniec
user08270@gmail.com;Kluski;To jest wazny mail i koniec
user08280@gmail.com;Studia;To jest wazny mail i koniec
user08290@gmail.com;Pliki;wazne pliki trzeba wysalac
user08300@gmail.com;Wartosc;To jest wazny mail i koniec
user08310@gmail.com;Wartosc;To jest wazny mail i koniec
user08320@gmail.com;Zloto;To jest wazny mail i koniec
user08330@gmail.com;Kapcie;To jest wazny mail i koniec
user08340@gmail.com;Prezenty;To jest wazny mail i koniec
user08350@gmail.com;Impreza;To jest wazny mail i koniec
user08360@gmail.com;Kluski;To jest wazny mail i koniec
user08370@gmail.com;Studia;To jest wazny mail i koniec
user08380@gmail.com;Pliki;wazne pliki trzeba wysalac
user08390@gmail.com;Wartosc;To jest wazny mail i koniec
user08400@gmail.com;Wartosc;To jest wazny mail i koniec
user08410@gmail.com;Zloto;To jest wazny mail i koniec
user08420@gmail.com;Kapcie;To jest wazny mail i koniec
user08430@gmail.com;Prezenty;To jest wazny mail i koniec
user08440@gmail.com;Impreza;To jest wazny mail i koniec
user08450@gmail.com;Kluski;To jest wazny mail i koniec
user08460@gmail.com;Studia;To jest wazny mail i koniec
user08470@gmail.com;Pliki;wazne pliki trzeba wysalac
user08480@gmail.com;Wartosc;To jest wazny mail i koniec
user08490@gmail.com;Wartosc;To jest wazny mail i koniec
user08500@gmail.com;Zloto;To jest wazny mail i koniec
user08510@gmail.com;Kapcie;To jest wazny mail i koniec
user08520@gmail.com;Prezenty;To jest wazny mail i koniec
user08530@gmail.com;Impreza;To jest wazny mail i koniec
user08540@gmail.com;Kluski;To jest wazny mail i koniec
user08550@gmail.com;Studia;To jest wazny mail i koniec
user08560@gmail.com;Pliki;wazne pliki trzeba wysalac
user08570@gmail.com;Wartosc;To jest wazny mail i koniec
user08580@gmail.com;Wartosc;To jest wazny mail i koniec
user08590@gmail.com;Zloto;To jest wazny mail i koniec
user08600@gmail.com;Kapcie;To jest wazny mail i koniec
user08610@gmail.com;Prezenty;To jest wazny mail i koniec
user08620@gmail.com;Impreza;To jest wazny mail i koniec
user08630@gmail.com;Kluski;To jest wazny mail i koniec
user08640@gmail.com;Studia;To jest wazny mail i koniec
user08650@gmail.com;Pliki;wazne pliki trzeba wysalac
user08660@gmail.com;Wartosc;To jest wazny mail i koniec
user08670@gmail.com;Wartosc;To jest wazny mail i koniec
user08680@gmail.com;Zloto;To jest wazny mail i koniec
user08690@gmail.com;Kapcie;To jest wazny mail i koniec
user08700@gmail.com;Prezenty;To jest wazny mail i koniec
user08710@gmail.com;Impreza;To jest wazny mail i koniec
user08720@gmail.com;Kluski;To jest wazny mail i koniec
user08730@gmail.com;Studia;To jest wazny mail i koniec
user08740@gmail.com;Pliki;wazne pliki trzeba wysalac
user08750@gmail.com;Wartosc;To jest wazny mail i koniec
user08760@gmail.com;Wartosc;To jest wazny mail i koniec
user08770@gmail.com;Zloto;To jest wazny mail i koniec
user08780@gmail.com;Kapcie;To jest wazny mail i koniec
user08790@gmail.com;Prezenty;To jest wazny mail i koniec
user08800@gmail.com;Impreza;To jest wazny mail i koniec
user08810@gmail.com;Kluski;To jest wazny mail i koniec
user08820@gmail.com;Studia;To jest wazny mail i koniec
user08830@gmail.com;Pliki;wazne pliki trzeba wysalac
user08840@gmail.com;Wartosc;To jest wazny mail i koniec
user08850@gmail.com;Wartosc;To jest wazny mail i koniec
user08860@gmail.com;Zloto;To jest wazny mail i koniec
user08870@gmail.com;Kapcie;To jest wazny mail i koniec
user08880@gmail.com;Prezenty;To jest wazny mail i koniec
user08890@gmail.com;Impreza;To jest wazny mail i koniec
user08900@gmail.com;Kluski;To jest wazny mail i koniec
user08910@gmail.com;Studia;To jest wazny mail i koniec
user08920@gmail.com;Pliki;wazne pliki trzeba wysalac
user08930@gmail.com;Wartosc;To jest wazny mail i koniec
user08940@gmail.com;Wartosc;To jest wazny mail i koniec
user08950@gmail.com;Zloto;To jest wazny mail i koniec
user08960@gmail.com;Kapcie;To jest wazny mail i koniec
user08970@gmail.com;Prezenty;To jest wazny mail i koniec
user08980@gmail.com;Impreza;To jest wazny mail i koniec
user08990@gmail.com;Kluski;To jest wazny mail i koniec
user09000@gmail.com;Studia;To jest wazny mail i koniec
user09010@gmail.com;Pliki;wazne pliki trzeba wysalac
user09020@gmail.com;Wartosc;To jest wazny mail i koniec
user09030@gmail.com;Wartosc;To jest wazny mail i koniec
user09040@gmail.com;Zloto;To jest wazny mail i koniec
user09050@gmail.com;Kapcie;To jest wazny mail i koniec
user09060@gmail.com;Prezenty;To jest wazny mail i koniec
user09070@gmail.com;Impreza;To jest wazny mail i koniec
user09080@gmail.com;Kluski;To jest wazny mail i koniec
user09090@gmail.com;Studia;To jest wazny mail i koniec
user09100@gmail.com;Pliki;wazne pliki trzeba wysalac
user09110@gmail.com;Wartosc;To jest wazny mail i koniec
user09120@gmail.com;Wartosc;To jest wazny mail i koniec
user09130@gmail.com;Zloto;To jest wazny mail i koniec
user09140@gmail.com;Kapcie;To jest wazny mail i koniec
user09150@gmail.com;Prezenty;To jest wazny mail i koniec
user09160@gmail.com;Impreza;To jest wazny mail i koniec
user09170@gmail.com;Kluski;To jest wazny mail i koniec
user09180@gmail.com;Studia;To jest wazny mail i koniec
user09190@gmail.com;Pliki;wazne pliki trzeba wysalac
user09200@gmail.com;Wartosc;To jest wazny mail i koniec
user09210@gmail.com;Wartosc;To jest wazny mail i koniec
user09220@gmail.com;Zloto;To jest wazny mail i koniec
user09230@gmail.com;Kapcie;To jest wazny mail i koniec
user09240@gmail.com;Prezenty;To jest wazny mail i koniec
user09250@gmail.com;Impreza;To jest wazny mail i koniec
user09260@gmail.com;Kluski;To jest wazny mail i koniec
user09270@gmail.com;Studia;To jest wazny mail i koniec
user09280@gmail.com;Pliki;wazne pliki trzeba wysalac
user09290@gmail.com;Wartosc;To jest wazny mail i koniec
user09300@gmail.com;Wartosc;To jest wazny mail i koniec
user09310@gmail.com;Zloto;To jest wazny mail i koniec
user09320@gmail.com;Kapcie;To jest wazny mail i koniec
user09330@gmail.com;Prezenty;To jest wazny mail i koniec
user09340@gmail.com;Impreza;To jest wazny mail i koniec
user09350@gmail.com;Kluski;To jest wazny mail i koniec
user09360@gmail.com;Studia;To jest wazny mail i koniec
user09370@gmail.com;Pliki;wazne pliki trzeba wysalac
user09380@gmail.com;Wartosc;To jest wazny mail i koniec
user09390@gmail.com;Wartosc;To jest wazny mail i koniec
user09400@gmail.com;Zloto;To jest wazny mail i koniec
user09410@gmail.com;Kapcie;To jest wazny mail i koniec
user09420@gmail.com;Prezenty;To jest wazny mail i koniec
user09430@gmail.com;Impreza;To jest wazny mail i koniec
user09440@gmail.com;Kluski;To jest wazny mail i koniec
user09450@gmail.com;Studia;To jest wazny mail i koniec
user09460@gmail.com;Pliki;wazne pliki trzeba wysalac
user09470@gmail.com;Wartosc;To jest wazny mail i koniec
user09480@gmail.com;Wartosc;To jest wazny mail i koniec
user09490@gmail.com;Zloto;To jest wazny mail i koniec
user09500@gmail.com;Kapcie;To jest wazny mail i koniec
user09510@gmail.com;Prezenty;To jest wazny mail i koniec
user09520@gmail.com;Impreza;To jest wazny mail i koniec
user09530@gmail.com;Kluski;To jest wazny mail i koniec
user09540@gmail.com;Studia;To jest wazny mail i koniec
user09550@gmail.com;Pliki;wazne pliki trzeba wysalac
user09560@gmail.com;Wartosc;To jest wazny mail i koniec
user09570@gmail.com;Wartosc;To jest wazny mail i koniec
user09580@gmail.com;Zloto;To jest wazny mail i koniec
user09590@gmail.com;Kapcie;To jest wazny mail i koniec
user09600@gmail.com;Prezenty;To jest wazny mail i koniec
user09610@gmail.com;Impreza;To jest wazny mail i koniec
user09620@gmail.com;Kluski;To jest wazny mail i koniec
user09630@gmail.com;Studia;To jest wazny mail i koniec
user09640@gmail.com;Pliki;wazne pliki trzeba wysalac
user09650@gmail.com;Wartosc;To jest wazny mail i koniec
user09660@gmail.com;Wartosc;To jest wazny mail i koniec
user09670@gmail.com;Zloto;To jest wazny mail i koniec
user09680@gmail.com;Kapcie;To jest wazny mail i koniec
user09690@gmail.com;Prezenty;To jest wazny mail i koniec
user09700@gmail.com;Impreza;To jest wazny mail i koniec
user09710@gmail.com;Kluski;To jest wazny mail i koniec
user09720@gmail.com;Studia;To jest wazny mail i koniec
user09730@gmail.com;Pliki;wazne pliki trzeba wysalac
user09740@gmail.com;Wartosc;To jest wazny mail i koniec
user09750@gmail.com;Wartosc;To jest wazny mail i koniec
user09760@gmail.com;Zloto;To jest wazny mail i koniec
user09770@gmail.com;Kapcie;To jest wazny mail i koniec
user09780@gmail.com;Prezenty;To jest wazny mail i koniec
user09790@gmail.com;Impreza;To jest wazny mail i koniec
user09800@gmail.com;Kluski;To jest wazny mail i koniec
user09810@gmail.com;Studia;To jest wazny mail i koniec
user09820@gmail.com;Pliki;wazne pliki trzeba wysalac
user09830@gmail.com;Wartosc;To jest wazny mail i koniec
user09840@gmail.com;Wartosc;To jest wazny mail i koniec
user09850@gmail.com;Zloto;To jest wazny mail i koniec
user09860@gmail.com;Kapcie;To jest wazny mail i koniec
user09870@gmail.com;Prezenty;To jest wazny mail i koniec
user09880@gmail.com;Impreza;To jest wazny mail i koniec
user09890@gmail.com;Kluski;To jest wazny mail i koniec
user09900@gmail.com;Studia;To jest wazny mail i koniec
user09910@gmail.com;Pliki;wazne pliki trzeba wysalac
user09920@gmail.com;Wartosc;To jest wazny mail i koniec
user09930@gmail.com;Wartosc;To jest wazny mail i koniec
user09940@gmail.com;Zloto;To jest wazny mail i koniec
user09950@gmail.com;Kapcie;To jest wazny mail i koniec
user09960@gmail.com;Prezenty;To jest wazny mail i koniec
user09970@gmail.com;Impreza;To jest wazny mail i koniec
user09980@gmail.com;Kluski;To jest wazny mail i koniec
user09990@gmail.com;Studia;To jest wazny mail i koniec
user10000@gmail.com;Pliki;wazne pliki trzeba wysalac
user10010@gmail.com;Wartosc;To jest wazny mail i koniec
user10020@gmail.com;Wartosc;To jest wazny mail i koniec
user10030@gmail.com;Zloto;To jest wazny mail i koniec
user10040@gmail.com;Kapcie;To jest wazny mail i koniec
user10050@gmail.com;Prezenty;To jest wazny mail i koniec
user10060@gmail.com;Impreza;To jest wazny mail i koniec
user10070@gmail.com;Kluski;To jest wazny mail i koniec
user10080@gmail.com;Studia;To jest wazny mail i koniec
user10090@gmail.com;Pliki;wazne pliki trzeba wysalac
user10100@gmail.com;Wartosc;To jest wazny mail i koniec
user10110@gmail.com;Wartosc;To jest wazny mail i koniec
user10120@gmail.com;Zloto;To jest wazny mail i koniec
user10130@gmail.com;Kapcie;To jest wazny mail i koniec
user10140@gmail.com;Prezenty;To jest wazny mail i koniec
user10150@gmail.com;Impreza;To jest wazny mail i koniec
user10160@gmail.com;Kluski;To jest wazny mail i koniec
user10170@gmail.com;Studia;To jest wazny mail i koniec
user10180@gmail.com;Pliki;wazne pliki trzeba wysalac
user10190@gmail.com;Wartosc;To jest wazny mail i koniec
user10200@gmail.com;Wartosc;To jest wazny mail i koniec
user10210@gmail.com;Zloto;To jest wazny mail i koniec
user10220@gmail.com;Kapcie;To jest wazny mail i koniec
user10230@gmail.com;Prezenty;To jest wazny mail i koniec
user10240@gmail.com;Impreza;To jest wazny mail i koniec
user10250@gmail.com;Kluski;To jest wazny mail i koniec
user10260@gmail.com;Studia;To jest wazny mail i koniec
user10270@gmail.com;Pliki;wazne pliki trzeba wysalac
user10280@gmail.com;Wartosc;To jest wazny mail i koniec
user10290@gmail.com;Wartosc;To jest wazny mail i koniec
user10300@gmail.com;Zloto;To jest wazny mail i koniec
user10310@gmail.com;Kapcie;To jest wazny mail i koniec
user10320@gmail.com;Prezenty;To jest wazny mail i koniec
user10330@gmail.com;Impreza;To jest wazny mail i koniec
user10340@gmail.com;Kluski;To jest wazny mail i koniec
user10350@gmail.com;Studia;To jest wazny mail i koniec
user10360@gmail.com;Pliki;wazne pliki trzeba wysalac
user10370@gmail.com;Wartosc;To jest wazny mail i koniec
user10380@gmail.com;Wartosc;To jest wazny mail i koniec
user10390@gmail.com;Zloto;To jest wazny mail i koniec
user10400@gmail.com;Kapcie;To jest wazny mail i koniec
user10410@gmail.com;Prezenty;To jest wazny mail i koniec
user10420@gmail.com;Impreza;To jest wazny mail i koniec
user10430@gmail.com;Kluski;To jest wazny mail i koniec
user10440@gmail.com;Studia;To jest wazny mail i koniec
user10450@gmail.com;Pliki;wazne pliki trzeba wysalac
user10460@gmail.com;Wartosc;To jest wazny mail i koniec
user10470@gmail.com;Wartosc;To jest wazny mail i koniec
user10480@gmail.com;Zloto;To jest wazny mail i koniec
user10490@gmail.com;Kapcie;To jest wazny mail i koniec
user10500@gmail.com;Prezenty;To jest wazny mail i koniec
user10510@gmail.com;Impreza;To jest wazny mail i koniec
user10520@gmail.com;Kluski;To jest wazny mail i koniec
user10530@gmail.com;Studia;To jest wazny mail i koniec
user10540@gmail.com;Pliki;wazne pliki trzeba wysalac
user10550@gmail.com;Wartosc;To jest wazny mail i koniec
user10560@gmail.com;Wartosc;To jest wazny mail i koniec
user10570@gmail.com;Zloto;To jest wazny mail i koniec
user10580@gmail.com;Kapcie;To jest wazny mail i koniec
user10590@gmail.com;Prezenty;To jest wazny mail i koniec
